{
  "sem": {
    "n_lines": 54,
    "jour_type_columns": [
      "1",
      "2",
      "3",
      "4",
      "5",
      "6",
      "7"
    ],
    "kcc_per_jour_type": {
      "1": 31768.411000000004,
      "2": 31037.351,
      "3": 30917.631,
      "4": 31729.119000000002,
      "5": 30722.748,
      "6": 19800.339999999997,
      "7": 10987.842
    },
    "kcc_grand_total": 186963.442,
    "courses_per_jour_type": {
      "1": 5302.0,
      "2": 5226.0,
      "3": 5093.0,
      "4": 5187.0,
      "5": 5068.0,
      "6": 3490.0,
      "7": 1912.0
    },
    "courses_grand_total": 31278.0
  },
  "solea": {
    "n_lines": 33,
    "jour_type_columns": [
      "1",
      "2",
      "3",
      "4",
      "5",
      "6",
      "7"
    ],
    "kcc_per_jour_type": {
      "1": 20385.875,
      "2": 20035.939000000002,
      "3": 19980.893999999997,
      "4": 20483.539,
      "5": 20483.539,
      "6": 16113.518000000002,
      "7": 4470.255
    },
    "kcc_grand_total": 121953.55900000001,
    "courses_per_jour_type": {
      "1": 2269.0,
      "2": 2256.0,
      "3": 2250.0,
      "4": 2325.0,
      "5": 2325.0,
      "6": 1868.0,
      "7": 607.0
    },
    "courses_grand_total": 13900.0
  },
  "ginko": {
    "n_lines": 6,
    "jour_type_columns": [
      "1",
      "2",
      "3",
      "4",
      "5",
      "6"
    ],
    "kcc_per_jour_type": {
      "1": 408.424,
      "2": 408.424,
      "3": 386.775,
      "4": 408.424,
      "5": 408.424,
      "6": 354.971
    },
    "kcc_grand_total": 2375.442,
    "courses_per_jour_type": {
      "1": 84.0,
      "2": 84.0,
      "3": 79.0,
      "4": 84.0,
      "5": 84.0,
      "6": 71.0
    },
    "courses_grand_total": 486.0
  }
}